name	indexType	m	height	nnodes	nleaves	nentries	nrawRecs	nerrors	nodeBytes	leafBytes	rawRecBytes	totalBytes	avgNodeBytes	avgLeafBytes	avgRawRecBytes	minNodeBytes	maxNodeBytes	minLeafBytes	maxLeafBytes	64	128	192	320	512	768	1024	2048	3072	4096	8192	blobs	newM	curM
__globalRowStore	BTree	32	1	1	3	66	0	0	139	6404	0	6543	139	2134	0139	139	971	3974	0.0	0.0	0.25	0.0	0.0	0.0	0.25	0.25	0.0	0.25	0.0	0.0	803	32
kb.lex.BLOBS	BTree	400	2	17	3845	1036630	1036630	0	51306	19495651	27581346105	27600893062	3018	5070	26606	269	3601	3768	7506	0.0	0.0	0.0	2.589331952356292E-4	0.0	0.0	0.0	0.0	0.0010357327809425167	0.10227861211807354	0.8964267219057483	0.0	692	400
kb.lex.ID2TERM	BTree	400	2	128	25728	5145622	5139450	0	332519	84057361	516142833	600532713	2597	3267	100	2010	4388	3264	3737	0.0	0.0	0.0	0.0	0.0	0.0	0.0	3.8675742574257426E-5	0.004834467821782178	0.9950881806930693	3.8675742574257426E-5	0.0	905	400
kb.lex.TERM2ID	BTree	400	2	78	19912	5145622	0	0	898267	325617776	0	326516043	11516	16352	0	3810	22772	3604	130533	0.0	0.0	0.0	0.0	0.0	0.0	0.0	0.0	0.0	9.504752376188094E-4	0.006053026513256629	0.9929964982491246	193	400
kb.spo.JUST	BTree	1024	2	340	188967	103902351	0	0	6873183	5322237409	0	5329110592	20215	28164	0	7789	40163	8862	74882	0.0	0.0	0.0	0.0	0.0	0.0	0.0	0.0	0.0	0.0	2.1657941861632165E-4	0.9997834205813837	284	1024
kb.spo.OSP	BTree	1024	2	251	143414	86535527	0	0	2624942	1239165246	0	1241790188	10457	8640	0	5477	19697	3764	23826	0.0	0.0	0.0	0.0	0.0	0.0	0.0	0.0	0.0	0.17524101207670623	0.23344586364110953	0.5913131242821843	708	1024
kb.spo.POS	BTree	1024	2	252	145839	86535527	0	0	2648135	728544112	0	731192247	10508	4995	0	5450	21343	2917	15590	0.0	0.0	0.0	0.0	0.0	0.0	0.0	0.0	0.17228987411955562	0.25579946745521626	0.5135018584307042	0.05840879999452396	990	1024
kb.spo.SPO	BTree	1024	2	266	155958	86535527	0	0	3588811	873139445	0	876728256	13491	5598	0	7388	22900	3423	11171	0.0	0.0	0.0	0.0	0.0	0.0	0.0	0.0	0.0	0.218750.7392846169602622	0.04196538303973781	847	1024
